[
  { "date": "2023-01-07", "platform": "amazon", "value": 14500 },
  { "date": "2023-01-07", "platform": "ebay", "value": 21800 },
  { "date": "2023-01-07", "platform": "other", "value": 8200 },
  { "date": "2023-02-04", "platform": "amazon", "value": 14700 },
  { "date": "2023-02-04", "platform": "ebay", "value": 22000 },
  { "date": "2023-02-04", "platform": "other", "value": 8350 },
  { "date": "2023-03-04", "platform": "amazon", "value": 14900 },
  { "date": "2023-03-04", "platform": "ebay", "value": 22100 },
  { "date": "2023-03-04", "platform": "other", "value": 8500 },
  { "date": "2023-04-01", "platform": "amazon", "value": 15100 },
  { "date": "2023-04-01", "platform": "ebay", "value": 22200 },
  { "date": "2023-04-01", "platform": "other", "value": 8650 },
  { "date": "2023-05-06", "platform": "amazon", "value": 15300 },
  { "date": "2023-05-06", "platform": "ebay", "value": 22300 },
  { "date": "2023-05-06", "platform": "other", "value": 8800 },
  { "date": "2023-06-03", "platform": "amazon", "value": 15500 },
  { "date": "2023-06-03", "platform": "ebay", "value": 22400 },
  { "date": "2023-06-03", "platform": "other", "value": 8950 },
  { "date": "2023-07-01", "platform": "amazon", "value": 15700 },
  { "date": "2023-07-01", "platform": "ebay", "value": 22500 },
  { "date": "2023-07-01", "platform": "other", "value": 9100 },
  { "date": "2023-08-05", "platform": "amazon", "value": 15900 },
  { "date": "2023-08-05", "platform": "ebay", "value": 22550 },
  { "date": "2023-08-05", "platform": "other", "value": 9250 },
  { "date": "2023-09-02", "platform": "amazon", "value": 16100 },
  { "date": "2023-09-02", "platform": "ebay", "value": 22600 },
  { "date": "2023-09-02", "platform": "other", "value": 9400 },
  { "date": "2023-10-07", "platform": "amazon", "value": 16300 },
  { "date": "2023-10-07", "platform": "ebay", "value": 22650 },
  { "date": "2023-10-07", "platform": "other", "value": 9550 },
  { "date": "2023-11-04", "platform": "amazon", "value": 16500 },
  { "date": "2023-11-04", "platform": "ebay", "value": 22700 },
  { "date": "2023-11-04", "platform": "other", "value": 9700 },
  { "date": "2023-12-02", "platform": "amazon", "value": 16700 },
  { "date": "2023-12-02", "platform": "ebay", "value": 22750 },
  { "date": "2023-12-02", "platform": "other", "value": 9850 },
  { "date": "2024-01-06", "platform": "amazon", "value": 16900 },
  { "date": "2024-01-06", "platform": "ebay", "value": 22800 },
  { "date": "2024-01-06", "platform": "other", "value": 10000 },
  { "date": "2024-02-03", "platform": "amazon", "value": 17100 },
  { "date": "2024-02-03", "platform": "ebay", "value": 22850 },
  { "date": "2024-02-03", "platform": "other", "value": 10150 },
  { "date": "2024-03-02", "platform": "amazon", "value": 17300 },
  { "date": "2024-03-02", "platform": "ebay", "value": 22900 },
  { "date": "2024-03-02", "platform": "other", "value": 10300 },
  { "date": "2024-04-06", "platform": "amazon", "value": 17500 },
  { "date": "2024-04-06", "platform": "ebay", "value": 22950 },
  { "date": "2024-04-06", "platform": "other", "value": 10450 },
  { "date": "2024-05-04", "platform": "amazon", "value": 17700 },
  { "date": "2024-05-04", "platform": "ebay", "value": 23000 },
  { "date": "2024-05-04", "platform": "other", "value": 10600 },
  { "date": "2024-06-01", "platform": "amazon", "value": 17900 },
  { "date": "2024-06-01", "platform": "ebay", "value": 23050 },
  { "date": "2024-06-01", "platform": "other", "value": 10750 },
  { "date": "2024-07-06", "platform": "amazon", "value": 18100 },
  { "date": "2024-07-06", "platform": "ebay", "value": 23100 },
  { "date": "2024-07-06", "platform": "other", "value": 10900 },
  { "date": "2024-08-03", "platform": "amazon", "value": 18300 },
  { "date": "2024-08-03", "platform": "ebay", "value": 23150 },
  { "date": "2024-08-03", "platform": "other", "value": 11050 },
  { "date": "2024-09-07", "platform": "amazon", "value": 18500 },
  { "date": "2024-09-07", "platform": "ebay", "value": 23200 },
  { "date": "2024-09-07", "platform": "other", "value": 11200 },
  { "date": "2024-10-05", "platform": "amazon", "value": 18700 },
  { "date": "2024-10-05", "platform": "ebay", "value": 23250 },
  { "date": "2024-10-05", "platform": "other", "value": 11350 },
  { "date": "2024-11-02", "platform": "amazon", "value": 18900 },
  { "date": "2024-11-02", "platform": "ebay", "value": 23300 },
  { "date": "2024-11-02", "platform": "other", "value": 11500 },
  { "date": "2024-12-07", "platform": "amazon", "value": 19100 },
  { "date": "2024-12-07", "platform": "ebay", "value": 23350 },
  { "date": "2024-12-07", "platform": "other", "value": 11650 }
]
