[
  { "date": "2023-01-07", "value": 26.50 },
  { "date": "2023-02-04", "value": 26.80 },
  { "date": "2023-03-04", "value": 27.10 },
  { "date": "2023-04-01", "value": 27.35 },
  { "date": "2023-05-06", "value": 27.60 },
  { "date": "2023-06-03", "value": 27.90 },
  { "date": "2023-07-01", "value": 28.15 },
  { "date": "2023-08-05", "value": 28.40 },
  { "date": "2023-09-02", "value": 28.70 },
  { "date": "2023-10-07", "value": 29.00 },
  { "date": "2023-11-04", "value": 29.25 },
  { "date": "2023-12-02", "value": 29.50 },
  { "date": "2024-01-06", "value": 29.80 },
  { "date": "2024-02-03", "value": 30.10 },
  { "date": "2024-03-02", "value": 30.35 },
  { "date": "2024-04-06", "value": 30.60 },
  { "date": "2024-05-04", "value": 30.90 },
  { "date": "2024-06-01", "value": 31.15 },
  { "date": "2024-07-06", "value": 31.40 },
  { "date": "2024-08-03", "value": 31.70 },
  { "date": "2024-09-07", "value": 31.95 },
  { "date": "2024-10-05", "value": 32.20 },
  { "date": "2024-11-02", "value": 32.50 },
  { "date": "2024-12-07", "value": 32.80 }
]
