[
  { "date": "2023-01-07", "platform": "amazon", "value": 249.99 },
  { "date": "2023-01-07", "platform": "ebay", "value": 239.50 },
  { "date": "2023-01-07", "platform": "idealo", "value": 244.00 },
  { "date": "2023-02-04", "platform": "amazon", "value": 247.50 },
  { "date": "2023-02-04", "platform": "ebay", "value": 238.00 },
  { "date": "2023-02-04", "platform": "idealo", "value": 242.50 },
  { "date": "2023-03-04", "platform": "amazon", "value": 245.00 },
  { "date": "2023-03-04", "platform": "ebay", "value": 236.50 },
  { "date": "2023-03-04", "platform": "idealo", "value": 240.00 },
  { "date": "2023-04-01", "platform": "amazon", "value": 243.50 },
  { "date": "2023-04-01", "platform": "ebay", "value": 235.00 },
  { "date": "2023-04-01", "platform": "idealo", "value": 238.50 },
  { "date": "2023-05-06", "platform": "amazon", "value": 241.00 },
  { "date": "2023-05-06", "platform": "ebay", "value": 234.50 },
  { "date": "2023-05-06", "platform": "idealo", "value": 237.00 },
  { "date": "2023-06-03", "platform": "amazon", "value": 238.50 },
  { "date": "2023-06-03", "platform": "ebay", "value": 233.00 },
  { "date": "2023-06-03", "platform": "idealo", "value": 235.50 },
  { "date": "2023-07-01", "platform": "amazon", "value": 236.00 },
  { "date": "2023-07-01", "platform": "ebay", "value": 232.50 },
  { "date": "2023-07-01", "platform": "idealo", "value": 234.00 },
  { "date": "2023-08-05", "platform": "amazon", "value": 234.50 },
  { "date": "2023-08-05", "platform": "ebay", "value": 231.00 },
  { "date": "2023-08-05", "platform": "idealo", "value": 232.50 },
  { "date": "2023-09-02", "platform": "amazon", "value": 232.00 },
  { "date": "2023-09-02", "platform": "ebay", "value": 230.50 },
  { "date": "2023-09-02", "platform": "idealo", "value": 231.00 },
  { "date": "2023-10-07", "platform": "amazon", "value": 230.50 },
  { "date": "2023-10-07", "platform": "ebay", "value": 229.00 },
  { "date": "2023-10-07", "platform": "idealo", "value": 229.50 },
  { "date": "2023-11-04", "platform": "amazon", "value": 225.00 },
  { "date": "2023-11-04", "platform": "ebay", "value": 224.50 },
  { "date": "2023-11-04", "platform": "idealo", "value": 225.00 },
  { "date": "2023-12-02", "platform": "amazon", "value": 219.99 },
  { "date": "2023-12-02", "platform": "ebay", "value": 218.00 },
  { "date": "2023-12-02", "platform": "idealo", "value": 220.50 },
  { "date": "2024-01-06", "platform": "amazon", "value": 228.00 },
  { "date": "2024-01-06", "platform": "ebay", "value": 225.50 },
  { "date": "2024-01-06", "platform": "idealo", "value": 227.00 },
  { "date": "2024-02-03", "platform": "amazon", "value": 226.50 },
  { "date": "2024-02-03", "platform": "ebay", "value": 224.00 },
  { "date": "2024-02-03", "platform": "idealo", "value": 225.50 },
  { "date": "2024-03-02", "platform": "amazon", "value": 224.00 },
  { "date": "2024-03-02", "platform": "ebay", "value": 222.50 },
  { "date": "2024-03-02", "platform": "idealo", "value": 223.00 },
  { "date": "2024-04-06", "platform": "amazon", "value": 222.50 },
  { "date": "2024-04-06", "platform": "ebay", "value": 221.00 },
  { "date": "2024-04-06", "platform": "idealo", "value": 221.50 },
  { "date": "2024-05-04", "platform": "amazon", "value": 220.00 },
  { "date": "2024-05-04", "platform": "ebay", "value": 219.50 },
  { "date": "2024-05-04", "platform": "idealo", "value": 220.00 },
  { "date": "2024-06-01", "platform": "amazon", "value": 218.50 },
  { "date": "2024-06-01", "platform": "ebay", "value": 218.00 },
  { "date": "2024-06-01", "platform": "idealo", "value": 218.50 },
  { "date": "2024-07-06", "platform": "amazon", "value": 217.00 },
  { "date": "2024-07-06", "platform": "ebay", "value": 216.50 },
  { "date": "2024-07-06", "platform": "idealo", "value": 217.00 },
  { "date": "2024-08-03", "platform": "amazon", "value": 215.50 },
  { "date": "2024-08-03", "platform": "ebay", "value": 215.00 },
  { "date": "2024-08-03", "platform": "idealo", "value": 215.50 },
  { "date": "2024-09-07", "platform": "amazon", "value": 214.00 },
  { "date": "2024-09-07", "platform": "ebay", "value": 213.50 },
  { "date": "2024-09-07", "platform": "idealo", "value": 214.00 },
  { "date": "2024-10-05", "platform": "amazon", "value": 212.50 },
  { "date": "2024-10-05", "platform": "ebay", "value": 212.00 },
  { "date": "2024-10-05", "platform": "idealo", "value": 212.50 },
  { "date": "2024-11-02", "platform": "amazon", "value": 209.99 },
  { "date": "2024-11-02", "platform": "ebay", "value": 208.50 },
  { "date": "2024-11-02", "platform": "idealo", "value": 210.00 },
  { "date": "2024-12-07", "platform": "amazon", "value": 205.00 },
  { "date": "2024-12-07", "platform": "ebay", "value": 204.50 },
  { "date": "2024-12-07", "platform": "idealo", "value": 206.00 }
]
