{
  "series": [
    {
      "name": "Amazon",
      "color": "#FF9900",
      "data": [
        { "date": "2024-01-07", "value": 248.50 },
        { "date": "2024-01-14", "value": 247.20 },
        { "date": "2024-01-21", "value": 246.80 },
        { "date": "2024-01-28", "value": 245.90 },
        { "date": "2024-02-04", "value": 244.50 },
        { "date": "2024-02-11", "value": 243.80 },
        { "date": "2024-02-18", "value": 242.90 },
        { "date": "2024-02-25", "value": 241.50 },
        { "date": "2024-03-03", "value": 240.20 },
        { "date": "2024-03-10", "value": 239.80 },
        { "date": "2024-03-17", "value": 238.50 },
        { "date": "2024-03-24", "value": 237.90 },
        { "date": "2024-03-31", "value": 236.50 },
        { "date": "2024-04-07", "value": 235.80 },
        { "date": "2024-04-14", "value": 234.90 },
        { "date": "2024-04-21", "value": 233.50 },
        { "date": "2024-04-28", "value": 232.80 },
        { "date": "2024-05-05", "value": 231.50 },
        { "date": "2024-05-12", "value": 230.90 },
        { "date": "2024-05-19", "value": 229.50 },
        { "date": "2024-05-26", "value": 228.80 },
        { "date": "2024-06-02", "value": 227.50 },
        { "date": "2024-06-09", "value": 226.90 },
        { "date": "2024-06-16", "value": 225.50 },
        { "date": "2024-06-23", "value": 224.80 },
        { "date": "2024-06-30", "value": 223.50 },
        { "date": "2024-07-07", "value": 222.90 },
        { "date": "2024-07-14", "value": 221.50 },
        { "date": "2024-07-21", "value": 220.80 },
        { "date": "2024-07-28", "value": 219.50 },
        { "date": "2024-08-04", "value": 218.90 },
        { "date": "2024-08-11", "value": 217.50 },
        { "date": "2024-08-18", "value": 216.80 },
        { "date": "2024-08-25", "value": 215.50 },
        { "date": "2024-09-01", "value": 214.90 },
        { "date": "2024-09-08", "value": 213.50 },
        { "date": "2024-09-15", "value": 212.80 },
        { "date": "2024-09-22", "value": 211.50 },
        { "date": "2024-09-29", "value": 210.90 },
        { "date": "2024-10-06", "value": 209.50 },
        { "date": "2024-10-13", "value": 208.80 },
        { "date": "2024-10-20", "value": 207.50 },
        { "date": "2024-10-27", "value": 206.90 },
        { "date": "2024-11-03", "value": 205.50 },
        { "date": "2024-11-10", "value": 204.80 },
        { "date": "2024-11-17", "value": 199.90 },
        { "date": "2024-11-24", "value": 189.50 },
        { "date": "2024-12-01", "value": 194.80 },
        { "date": "2024-12-08", "value": 198.50 },
        { "date": "2024-12-15", "value": 201.90 },
        { "date": "2024-12-22", "value": 203.50 },
        { "date": "2024-12-29", "value": 205.80 }
      ]
    },
    {
      "name": "eBay",
      "color": "#E53238",
      "data": [
        { "date": "2024-01-07", "value": 238.90 },
        { "date": "2024-01-14", "value": 238.20 },
        { "date": "2024-01-21", "value": 237.50 },
        { "date": "2024-01-28", "value": 236.80 },
        { "date": "2024-02-04", "value": 236.10 },
        { "date": "2024-02-11", "value": 235.40 },
        { "date": "2024-02-18", "value": 234.70 },
        { "date": "2024-02-25", "value": 234.00 },
        { "date": "2024-03-03", "value": 233.30 },
        { "date": "2024-03-10", "value": 232.60 },
        { "date": "2024-03-17", "value": 231.90 },
        { "date": "2024-03-24", "value": 231.20 },
        { "date": "2024-03-31", "value": 230.50 },
        { "date": "2024-04-07", "value": 229.80 },
        { "date": "2024-04-14", "value": 229.10 },
        { "date": "2024-04-21", "value": 228.40 },
        { "date": "2024-04-28", "value": 227.70 },
        { "date": "2024-05-05", "value": 227.00 },
        { "date": "2024-05-12", "value": 226.30 },
        { "date": "2024-05-19", "value": 225.60 },
        { "date": "2024-05-26", "value": 224.90 },
        { "date": "2024-06-02", "value": 224.20 },
        { "date": "2024-06-09", "value": 223.50 },
        { "date": "2024-06-16", "value": 222.80 },
        { "date": "2024-06-23", "value": 222.10 },
        { "date": "2024-06-30", "value": 221.40 },
        { "date": "2024-07-07", "value": 220.70 },
        { "date": "2024-07-14", "value": 220.00 },
        { "date": "2024-07-21", "value": 219.30 },
        { "date": "2024-07-28", "value": 218.60 },
        { "date": "2024-08-04", "value": 217.90 },
        { "date": "2024-08-11", "value": 217.20 },
        { "date": "2024-08-18", "value": 216.50 },
        { "date": "2024-08-25", "value": 215.80 },
        { "date": "2024-09-01", "value": 215.10 },
        { "date": "2024-09-08", "value": 214.40 },
        { "date": "2024-09-15", "value": 213.70 },
        { "date": "2024-09-22", "value": 213.00 },
        { "date": "2024-09-29", "value": 212.30 },
        { "date": "2024-10-06", "value": 211.60 },
        { "date": "2024-10-13", "value": 210.90 },
        { "date": "2024-10-20", "value": 210.20 },
        { "date": "2024-10-27", "value": 209.50 },
        { "date": "2024-11-03", "value": 208.80 },
        { "date": "2024-11-10", "value": 208.10 },
        { "date": "2024-11-17", "value": 202.40 },
        { "date": "2024-11-24", "value": 195.70 },
        { "date": "2024-12-01", "value": 199.00 },
        { "date": "2024-12-08", "value": 202.30 },
        { "date": "2024-12-15", "value": 204.60 },
        { "date": "2024-12-22", "value": 206.90 },
        { "date": "2024-12-29", "value": 208.20 }
      ]
    },
    {
      "name": "Idealo",
      "color": "#0066CC",
      "data": [
        { "date": "2024-01-07", "value": 243.50 },
        { "date": "2024-01-14", "value": 242.80 },
        { "date": "2024-01-21", "value": 242.10 },
        { "date": "2024-01-28", "value": 241.40 },
        { "date": "2024-02-04", "value": 240.70 },
        { "date": "2024-02-11", "value": 240.00 },
        { "date": "2024-02-18", "value": 239.30 },
        { "date": "2024-02-25", "value": 238.60 },
        { "date": "2024-03-03", "value": 237.90 },
        { "date": "2024-03-10", "value": 237.20 },
        { "date": "2024-03-17", "value": 236.50 },
        { "date": "2024-03-24", "value": 235.80 },
        { "date": "2024-03-31", "value": 235.10 },
        { "date": "2024-04-07", "value": 234.40 },
        { "date": "2024-04-14", "value": 233.70 },
        { "date": "2024-04-21", "value": 233.00 },
        { "date": "2024-04-28", "value": 232.30 },
        { "date": "2024-05-05", "value": 231.60 },
        { "date": "2024-05-12", "value": 230.90 },
        { "date": "2024-05-19", "value": 230.20 },
        { "date": "2024-05-26", "value": 229.50 },
        { "date": "2024-06-02", "value": 228.80 },
        { "date": "2024-06-09", "value": 228.10 },
        { "date": "2024-06-16", "value": 227.40 },
        { "date": "2024-06-23", "value": 226.70 },
        { "date": "2024-06-30", "value": 226.00 },
        { "date": "2024-07-07", "value": 225.30 },
        { "date": "2024-07-14", "value": 224.60 },
        { "date": "2024-07-21", "value": 223.90 },
        { "date": "2024-07-28", "value": 223.20 },
        { "date": "2024-08-04", "value": 222.50 },
        { "date": "2024-08-11", "value": 221.80 },
        { "date": "2024-08-18", "value": 221.10 },
        { "date": "2024-08-25", "value": 220.40 },
        { "date": "2024-09-01", "value": 219.70 },
        { "date": "2024-09-08", "value": 219.00 },
        { "date": "2024-09-15", "value": 218.30 },
        { "date": "2024-09-22", "value": 217.60 },
        { "date": "2024-09-29", "value": 216.90 },
        { "date": "2024-10-06", "value": 216.20 },
        { "date": "2024-10-13", "value": 215.50 },
        { "date": "2024-10-20", "value": 214.80 },
        { "date": "2024-10-27", "value": 214.10 },
        { "date": "2024-11-03", "value": 213.40 },
        { "date": "2024-11-10", "value": 212.70 },
        { "date": "2024-11-17", "value": 205.00 },
        { "date": "2024-11-24", "value": 192.30 },
        { "date": "2024-12-01", "value": 198.60 },
        { "date": "2024-12-08", "value": 203.90 },
        { "date": "2024-12-15", "value": 207.20 },
        { "date": "2024-12-22", "value": 209.50 },
        { "date": "2024-12-29", "value": 211.80 }
      ]
    }
  ],
  "metadata": {
    "source": "Public marketplace listings (Amazon DE, eBay DE, Idealo)",
    "lastUpdated": "2025-01-05",
    "sampleSize": "~5,000 products per week",
    "methodology": "Weekly weighted average of listing prices for new smartphones under €300. Weighted by sales rank. Excludes refurbished and B-stock."
  }
}
