{
  "series": [
    {
      "name": "Amazon",
      "color": "#FF9900",
      "data": [
        { "date": "2024-01-07", "value": 14500 },
        { "date": "2024-01-14", "value": 14620 },
        { "date": "2024-01-21", "value": 14740 },
        { "date": "2024-01-28", "value": 14860 },
        { "date": "2024-02-04", "value": 14980 },
        { "date": "2024-02-11", "value": 15100 },
        { "date": "2024-02-18", "value": 15220 },
        { "date": "2024-02-25", "value": 15340 },
        { "date": "2024-03-03", "value": 15460 },
        { "date": "2024-03-10", "value": 15580 },
        { "date": "2024-03-17", "value": 15700 },
        { "date": "2024-03-24", "value": 15820 },
        { "date": "2024-03-31", "value": 15940 },
        { "date": "2024-04-07", "value": 16060 },
        { "date": "2024-04-14", "value": 16180 },
        { "date": "2024-04-21", "value": 16300 },
        { "date": "2024-04-28", "value": 16420 },
        { "date": "2024-05-05", "value": 16540 },
        { "date": "2024-05-12", "value": 16660 },
        { "date": "2024-05-19", "value": 16780 },
        { "date": "2024-05-26", "value": 16900 },
        { "date": "2024-06-02", "value": 17020 },
        { "date": "2024-06-09", "value": 17140 },
        { "date": "2024-06-16", "value": 17260 },
        { "date": "2024-06-23", "value": 17380 },
        { "date": "2024-06-30", "value": 17500 },
        { "date": "2024-07-07", "value": 17620 },
        { "date": "2024-07-14", "value": 17740 },
        { "date": "2024-07-21", "value": 17860 },
        { "date": "2024-07-28", "value": 17980 },
        { "date": "2024-08-04", "value": 18100 },
        { "date": "2024-08-11", "value": 18220 },
        { "date": "2024-08-18", "value": 18340 },
        { "date": "2024-08-25", "value": 18460 },
        { "date": "2024-09-01", "value": 18580 },
        { "date": "2024-09-08", "value": 18700 },
        { "date": "2024-09-15", "value": 18820 },
        { "date": "2024-09-22", "value": 18940 },
        { "date": "2024-09-29", "value": 19060 },
        { "date": "2024-10-06", "value": 19180 },
        { "date": "2024-10-13", "value": 19300 },
        { "date": "2024-10-20", "value": 19420 },
        { "date": "2024-10-27", "value": 19540 },
        { "date": "2024-11-03", "value": 19660 },
        { "date": "2024-11-10", "value": 19780 },
        { "date": "2024-11-17", "value": 19900 },
        { "date": "2024-11-24", "value": 21500 },
        { "date": "2024-12-01", "value": 20800 },
        { "date": "2024-12-08", "value": 20200 },
        { "date": "2024-12-15", "value": 19800 },
        { "date": "2024-12-22", "value": 19500 },
        { "date": "2024-12-29", "value": 19200 }
      ]
    },
    {
      "name": "eBay",
      "color": "#E53238",
      "data": [
        { "date": "2024-01-07", "value": 22000 },
        { "date": "2024-01-14", "value": 22050 },
        { "date": "2024-01-21", "value": 22100 },
        { "date": "2024-01-28", "value": 22150 },
        { "date": "2024-02-04", "value": 22200 },
        { "date": "2024-02-11", "value": 22250 },
        { "date": "2024-02-18", "value": 22300 },
        { "date": "2024-02-25", "value": 22350 },
        { "date": "2024-03-03", "value": 22400 },
        { "date": "2024-03-10", "value": 22450 },
        { "date": "2024-03-17", "value": 22500 },
        { "date": "2024-03-24", "value": 22550 },
        { "date": "2024-03-31", "value": 22600 },
        { "date": "2024-04-07", "value": 22650 },
        { "date": "2024-04-14", "value": 22700 },
        { "date": "2024-04-21", "value": 22750 },
        { "date": "2024-04-28", "value": 22800 },
        { "date": "2024-05-05", "value": 22850 },
        { "date": "2024-05-12", "value": 22900 },
        { "date": "2024-05-19", "value": 22950 },
        { "date": "2024-05-26", "value": 23000 },
        { "date": "2024-06-02", "value": 23050 },
        { "date": "2024-06-09", "value": 23100 },
        { "date": "2024-06-16", "value": 23150 },
        { "date": "2024-06-23", "value": 23200 },
        { "date": "2024-06-30", "value": 23250 },
        { "date": "2024-07-07", "value": 23300 },
        { "date": "2024-07-14", "value": 23350 },
        { "date": "2024-07-21", "value": 23400 },
        { "date": "2024-07-28", "value": 23450 },
        { "date": "2024-08-04", "value": 23500 },
        { "date": "2024-08-11", "value": 23550 },
        { "date": "2024-08-18", "value": 23600 },
        { "date": "2024-08-25", "value": 23650 },
        { "date": "2024-09-01", "value": 23700 },
        { "date": "2024-09-08", "value": 23750 },
        { "date": "2024-09-15", "value": 23800 },
        { "date": "2024-09-22", "value": 23850 },
        { "date": "2024-09-29", "value": 23900 },
        { "date": "2024-10-06", "value": 23950 },
        { "date": "2024-10-13", "value": 24000 },
        { "date": "2024-10-20", "value": 24050 },
        { "date": "2024-10-27", "value": 24100 },
        { "date": "2024-11-03", "value": 24150 },
        { "date": "2024-11-10", "value": 24200 },
        { "date": "2024-11-17", "value": 24250 },
        { "date": "2024-11-24", "value": 26800 },
        { "date": "2024-12-01", "value": 25500 },
        { "date": "2024-12-08", "value": 24800 },
        { "date": "2024-12-15", "value": 24400 },
        { "date": "2024-12-22", "value": 24100 },
        { "date": "2024-12-29", "value": 23900 }
      ]
    },
    {
      "name": "Other",
      "color": "#6B7280",
      "data": [
        { "date": "2024-01-07", "value": 8200 },
        { "date": "2024-01-14", "value": 8280 },
        { "date": "2024-01-21", "value": 8360 },
        { "date": "2024-01-28", "value": 8440 },
        { "date": "2024-02-04", "value": 8520 },
        { "date": "2024-02-11", "value": 8600 },
        { "date": "2024-02-18", "value": 8680 },
        { "date": "2024-02-25", "value": 8760 },
        { "date": "2024-03-03", "value": 8840 },
        { "date": "2024-03-10", "value": 8920 },
        { "date": "2024-03-17", "value": 9000 },
        { "date": "2024-03-24", "value": 9080 },
        { "date": "2024-03-31", "value": 9160 },
        { "date": "2024-04-07", "value": 9240 },
        { "date": "2024-04-14", "value": 9320 },
        { "date": "2024-04-21", "value": 9400 },
        { "date": "2024-04-28", "value": 9480 },
        { "date": "2024-05-05", "value": 9560 },
        { "date": "2024-05-12", "value": 9640 },
        { "date": "2024-05-19", "value": 9720 },
        { "date": "2024-05-26", "value": 9800 },
        { "date": "2024-06-02", "value": 9880 },
        { "date": "2024-06-09", "value": 9960 },
        { "date": "2024-06-16", "value": 10040 },
        { "date": "2024-06-23", "value": 10120 },
        { "date": "2024-06-30", "value": 10200 },
        { "date": "2024-07-07", "value": 10280 },
        { "date": "2024-07-14", "value": 10360 },
        { "date": "2024-07-21", "value": 10440 },
        { "date": "2024-07-28", "value": 10520 },
        { "date": "2024-08-04", "value": 10600 },
        { "date": "2024-08-11", "value": 10680 },
        { "date": "2024-08-18", "value": 10760 },
        { "date": "2024-08-25", "value": 10840 },
        { "date": "2024-09-01", "value": 10920 },
        { "date": "2024-09-08", "value": 11000 },
        { "date": "2024-09-15", "value": 11080 },
        { "date": "2024-09-22", "value": 11160 },
        { "date": "2024-09-29", "value": 11240 },
        { "date": "2024-10-06", "value": 11320 },
        { "date": "2024-10-13", "value": 11400 },
        { "date": "2024-10-20", "value": 11480 },
        { "date": "2024-10-27", "value": 11560 },
        { "date": "2024-11-03", "value": 11640 },
        { "date": "2024-11-10", "value": 11720 },
        { "date": "2024-11-17", "value": 11800 },
        { "date": "2024-11-24", "value": 13200 },
        { "date": "2024-12-01", "value": 12600 },
        { "date": "2024-12-08", "value": 12100 },
        { "date": "2024-12-15", "value": 11800 },
        { "date": "2024-12-22", "value": 11600 },
        { "date": "2024-12-29", "value": 11450 }
      ]
    }
  ],
  "metadata": {
    "source": "Multi-platform public data (Amazon DE, eBay DE, other marketplaces)",
    "lastUpdated": "2025-01-05",
    "sampleSize": "~50,000 listings per week",
    "methodology": "Weekly count of active fixed-price listings in men's sneaker category. Duplicate detection and exclusion of obvious counterfeits."
  }
}
