{
  "series": [
    {
      "name": "Supplements",
      "color": "#10B981",
      "data": [
        { "date": "2024-01-07", "value": 26.50 },
        { "date": "2024-01-14", "value": 26.62 },
        { "date": "2024-01-21", "value": 26.74 },
        { "date": "2024-01-28", "value": 26.86 },
        { "date": "2024-02-04", "value": 26.98 },
        { "date": "2024-02-11", "value": 27.10 },
        { "date": "2024-02-18", "value": 27.22 },
        { "date": "2024-02-25", "value": 27.34 },
        { "date": "2024-03-03", "value": 27.46 },
        { "date": "2024-03-10", "value": 27.58 },
        { "date": "2024-03-17", "value": 27.70 },
        { "date": "2024-03-24", "value": 27.82 },
        { "date": "2024-03-31", "value": 27.94 },
        { "date": "2024-04-07", "value": 28.06 },
        { "date": "2024-04-14", "value": 28.18 },
        { "date": "2024-04-21", "value": 28.30 },
        { "date": "2024-04-28", "value": 28.42 },
        { "date": "2024-05-05", "value": 28.54 },
        { "date": "2024-05-12", "value": 28.66 },
        { "date": "2024-05-19", "value": 28.78 },
        { "date": "2024-05-26", "value": 28.90 },
        { "date": "2024-06-02", "value": 29.02 },
        { "date": "2024-06-09", "value": 29.14 },
        { "date": "2024-06-16", "value": 29.26 },
        { "date": "2024-06-23", "value": 29.38 },
        { "date": "2024-06-30", "value": 29.50 },
        { "date": "2024-07-07", "value": 29.62 },
        { "date": "2024-07-14", "value": 29.74 },
        { "date": "2024-07-21", "value": 29.86 },
        { "date": "2024-07-28", "value": 29.98 },
        { "date": "2024-08-04", "value": 30.10 },
        { "date": "2024-08-11", "value": 30.22 },
        { "date": "2024-08-18", "value": 30.34 },
        { "date": "2024-08-25", "value": 30.46 },
        { "date": "2024-09-01", "value": 30.58 },
        { "date": "2024-09-08", "value": 30.70 },
        { "date": "2024-09-15", "value": 30.82 },
        { "date": "2024-09-22", "value": 30.94 },
        { "date": "2024-09-29", "value": 31.06 },
        { "date": "2024-10-06", "value": 31.18 },
        { "date": "2024-10-13", "value": 31.30 },
        { "date": "2024-10-20", "value": 31.42 },
        { "date": "2024-10-27", "value": 31.54 },
        { "date": "2024-11-03", "value": 31.66 },
        { "date": "2024-11-10", "value": 31.78 },
        { "date": "2024-11-17", "value": 31.90 },
        { "date": "2024-11-24", "value": 30.20 },
        { "date": "2024-12-01", "value": 31.10 },
        { "date": "2024-12-08", "value": 31.85 },
        { "date": "2024-12-15", "value": 32.20 },
        { "date": "2024-12-22", "value": 32.55 },
        { "date": "2024-12-29", "value": 32.80 }
      ]
    }
  ],
  "metadata": {
    "source": "eBay Germany public listings",
    "lastUpdated": "2025-01-05",
    "sampleSize": "~2,500 products per week",
    "methodology": "Weekly average of normalized prices for top 20 supplement categories. Commercial sellers with >100 ratings only. Prices normalized to standard dosage per unit."
  }
}
